model_id,architecture,batch_size,learning_rate,max_epochs,use_initial_bias,use_label_smoothing,use_weighted_loss,epochs_trained,train_loss,train_tp,train_fp,train_tn,train_fn,train_accuracy,train_precision,train_recall,train_auc,train_prc,val_loss,val_tp,val_fp,val_tn,val_fn,val_accuracy,val_precision,val_recall,val_auc,val_prc
0,[16],128,0.001,30,False,False,False,30,0.007288836408406496,1410.0,394.0,596905.0,1291.0,0.9971916675567627,0.7815964818000793,0.5220288634300232,0.9896255135536194,0.7189221978187561,0.007444597780704498,515.0,151.0,198903.0,431.0,0.9970899820327759,0.7732732892036438,0.5443974733352661,0.9871081113815308,0.7275362610816956
1,[16],128,0.001,50,False,False,False,24,0.007668835576623678,1582.0,544.0,596755.0,1119.0,0.9972283244132996,0.7441204190254211,0.5857089757919312,0.9909202456474304,0.7182452082633972,0.008152807131409645,575.0,214.0,198840.0,371.0,0.9970750212669373,0.7287706136703491,0.6078224182128906,0.9878342747688293,0.7079203128814697
2,[16],128,0.001,100,False,False,False,86,0.006840352434664965,1651.0,487.0,596812.0,1050.0,0.9974383115768433,0.7722170352935791,0.6112551093101501,0.9911236763000488,0.7515823841094971,0.00723454961553216,606.0,203.0,198851.0,340.0,0.997285008430481,0.7490729093551636,0.6405919790267944,0.9903302192687988,0.751911461353302
3,[16],128,1e-05,30,False,False,False,30,0.013028841465711594,0.0,0.0,597299.0,2701.0,0.9954983592033386,0.0,0.0,0.9892417192459106,0.5707937479019165,0.013578305952250957,0.0,0.0,199054.0,946.0,0.9952700138092041,0.0,0.0,0.9878906011581421,0.5756783485412598
4,[16],128,1e-05,50,False,False,False,50,0.011645087040960789,329.0,69.0,597230.0,2372.0,0.9959316849708557,0.8266331553459167,0.12180674076080322,0.988541305065155,0.57437664270401,0.01214736420661211,125.0,21.0,199033.0,821.0,0.9957900047302246,0.8561643958091736,0.1321353018283844,0.9877934455871582,0.580446720123291
5,[16],128,1e-05,100,False,False,False,40,0.013489955104887486,0.0,0.0,597299.0,2701.0,0.9954983592033386,0.0,0.0,0.9891054630279541,0.5749455094337463,0.014037336222827435,0.0,0.0,199054.0,946.0,0.9952700138092041,0.0,0.0,0.9892526865005493,0.5824142098426819
6,[16],128,1e-07,30,False,False,False,30,0.765948474407196,0.0,302752.0,294547.0,2701.0,0.49091166257858276,0.0,0.0,0.032764628529548645,0.0023017623461782932,0.7664438486099243,0.0,100831.0,98223.0,946.0,0.491115003824234,0.0,0.0,0.03324023634195328,0.0024191378615796566
7,[16],128,1e-07,50,False,False,False,11,0.42791420221328735,471.0,45284.0,552015.0,2230.0,0.9208099842071533,0.010293956845998764,0.1743798553943634,0.8829787969589233,0.01743656024336815,0.4277876913547516,153.0,14907.0,184147.0,793.0,0.921500027179718,0.010159362107515335,0.16173361241817474,0.8847807049751282,0.018508339300751686
8,[16],128,1e-07,100,False,False,False,23,0.6539550423622131,2681.0,220194.0,377105.0,20.0,0.6329766511917114,0.012029164470732212,0.9925953149795532,0.9752408266067505,0.2255536913871765,0.653771162033081,937.0,73272.0,125782.0,9.0,0.6335949897766113,0.01262650080025196,0.9904862642288208,0.9761824607849121,0.24049076437950134
9,[16],512,0.001,30,False,False,False,30,0.00733532477170229,1234.0,290.0,597009.0,1467.0,0.9970716834068298,0.8097112774848938,0.4568678140640259,0.990888774394989,0.719929039478302,0.007712331600487232,462.0,112.0,198942.0,484.0,0.9970200061798096,0.8048780560493469,0.4883720874786377,0.9869856834411621,0.7167282104492188
10,[16],512,0.001,50,False,False,False,50,0.007158234715461731,1311.0,304.0,596995.0,1390.0,0.9971766471862793,0.8117647171020508,0.4853757917881012,0.9900618195533752,0.7304732799530029,0.007447564043104649,484.0,125.0,198929.0,462.0,0.997065007686615,0.7947455048561096,0.5116279125213623,0.9876059293746948,0.7339863777160645
11,[16],512,0.001,100,False,False,False,100,0.006777293514460325,1447.0,355.0,596944.0,1254.0,0.9973183274269104,0.8029966950416565,0.5357275009155273,0.9918719530105591,0.7498820424079895,0.007051531225442886,533.0,138.0,198916.0,413.0,0.9972450137138367,0.7943367958068848,0.5634249448776245,0.9903862476348877,0.7504206299781799
12,[16],512,1e-05,30,False,False,False,11,0.5432239770889282,0.0,53542.0,543757.0,2701.0,0.906261682510376,0.0,0.0,0.25510916113853455,0.002931399969384074,0.5434094071388245,0.0,17975.0,181079.0,946.0,0.905394971370697,0.0,0.0,0.25497132539749146,0.003078827168792486
13,[16],512,1e-05,50,False,False,False,11,1.2681102752685547,30.0,503331.0,93968.0,2671.0,0.15666332840919495,5.959937334409915e-05,0.011106997728347778,0.05834363400936127,0.0023509664461016655,1.268062949180603,19.0,167746.0,31308.0,927.0,0.15663500130176544,0.000113253656309098,0.020084567368030548,0.060901887714862823,0.0024740006774663925
14,[16],512,1e-05,100,False,False,False,25,0.09208835661411285,0.0,0.0,597299.0,2701.0,0.9954983592033386,0.0,0.0,0.9700329899787903,0.33168739080429077,0.09237269312143326,0.0,0.0,199054.0,946.0,0.9952700138092041,0.0,0.0,0.9720268249511719,0.3410930037498474
15,[16],512,1e-07,30,False,False,False,11,1.005422830581665,2589.0,567070.0,30229.0,112.0,0.054696667939424515,0.0045448243618011475,0.9585338830947876,0.13557495176792145,0.0025290241464972496,1.0054104328155518,911.0,188864.0,10190.0,35.0,0.05550500005483627,0.00480042165145278,0.96300208568573,0.14102354645729065,0.0026719956658780575
16,[16],512,1e-07,50,False,False,False,17,1.291110873222351,391.0,563086.0,34213.0,2310.0,0.05767333507537842,0.0006939058657735586,0.14476120471954346,0.03550751507282257,0.00228103157132864,1.2909307479858398,117.0,187653.0,11401.0,829.0,0.057590000331401825,0.0006231027073226869,0.12367864698171616,0.03459063544869423,0.002397541655227542
17,[16],512,1e-07,100,False,False,False,34,0.6068118810653687,2.0,143607.0,453692.0,2699.0,0.7561566829681396,1.3926704014011193e-05,0.0007404665229842067,0.5281481742858887,0.0046282606199383736,0.6073603630065918,0.0,47875.0,151179.0,946.0,0.7558950185775757,0.0,0.0,0.5312893390655518,0.004895105957984924
18,[16],2048,0.001,30,False,False,False,30,0.008916308172047138,1050.0,291.0,597008.0,1651.0,0.9967633485794067,0.7829977869987488,0.38874492049217224,0.9884230494499207,0.6528356075286865,0.009314777329564095,360.0,107.0,198947.0,586.0,0.9965350031852722,0.7708779573440552,0.38054966926574707,0.988615870475769,0.653937041759491
19,[16],2048,0.001,50,False,False,False,50,0.007689503487199545,1307.0,381.0,596918.0,1394.0,0.997041642665863,0.774289071559906,0.48389485478401184,0.991844117641449,0.6962870359420776,0.008101532235741615,480.0,144.0,198910.0,466.0,0.9969499707221985,0.7692307829856873,0.5073995590209961,0.9892288446426392,0.6963176727294922
20,[16],2048,0.001,100,False,False,False,100,0.007218966260552406,1286.0,292.0,597007.0,1415.0,0.9971550107002258,0.8149556517601013,0.4761199653148651,0.9905758500099182,0.7296926975250244,0.007553240284323692,479.0,119.0,198935.0,467.0,0.9970700144767761,0.8010033369064331,0.5063424706459045,0.9885918498039246,0.7295830249786377
21,[16],2048,1e-05,30,False,False,False,11,2.027127504348755,2701.0,597299.0,0.0,0.0,0.004501666873693466,0.004501666873693466,1.0,0.07319268584251404,0.0023231809027493,2.027249574661255,946.0,199054.0,0.0,0.0,0.004730000160634518,0.004730000160634518,1.0,0.06852640211582184,0.0024337037466466427
22,[16],2048,1e-05,50,False,False,False,11,0.729513943195343,190.0,338431.0,258868.0,2511.0,0.43176332116127014,0.0005610992666333914,0.07034431397914886,0.33242374658584595,0.003202881198376417,0.7291042804718018,66.0,112307.0,86747.0,880.0,0.4340650141239166,0.0005873296759091318,0.06976744532585144,0.3318464756011963,0.0033688098192214966
23,[16],2048,1e-05,100,False,False,False,11,1.7387133836746216,2700.0,559489.0,37810.0,1.0,0.06751666963100433,0.004802655428647995,0.9996297955513,0.5728464722633362,0.004893920850008726,1.7383843660354614,945.0,186591.0,12463.0,1.0,0.06703999638557434,0.005039032548666,0.9989429116249084,0.5715680122375488,0.005140288732945919
24,[16],2048,1e-07,30,False,False,False,12,0.16374307870864868,0.0,0.0,597299.0,2701.0,0.9954983592033386,0.0,0.0,0.3949989676475525,0.003484325483441353,0.16422408819198608,0.0,0.0,199054.0,946.0,0.9952700138092041,0.0,0.0,0.3996111750602722,0.0036857263185083866
25,[16],2048,1e-07,50,False,False,False,12,1.1299657821655273,2701.0,597049.0,250.0,0.0,0.004918333142995834,0.004503543023020029,1.0,0.8651140332221985,0.014913149178028107,1.1302177906036377,946.0,198981.0,73.0,0.0,0.00509499991312623,0.004731727298349142,1.0,0.8629621863365173,0.015509871765971184
26,[16],2048,1e-07,100,False,False,False,11,0.649690568447113,2172.0,218507.0,378792.0,529.0,0.6349400281906128,0.009842350147664547,0.8041465878486633,0.7619369029998779,0.010926008224487305,0.6495206952095032,784.0,72466.0,126588.0,162.0,0.6368600130081177,0.01070307195186615,0.8287526369094849,0.7772575616836548,0.012296032160520554
27,"[16, 32, 16]",128,0.001,30,False,False,False,30,0.006969064008444548,1562.0,536.0,596763.0,1139.0,0.9972083568572998,0.7445185780525208,0.5783043503761292,0.9902812242507935,0.7328599691390991,0.007231487426906824,572.0,193.0,198861.0,374.0,0.9971650242805481,0.7477124333381653,0.604651153087616,0.9887032508850098,0.7332918047904968
28,"[16, 32, 16]",128,0.001,50,False,False,False,36,0.006830222904682159,1661.0,490.0,596809.0,1040.0,0.9974499940872192,0.7721989750862122,0.6149574518203735,0.9927077293395996,0.7500239610671997,0.007292707450687885,612.0,215.0,198839.0,334.0,0.9972550272941589,0.740024209022522,0.646934449672699,0.9907566905021667,0.7494091391563416
29,"[16, 32, 16]",128,0.001,100,False,False,False,55,0.006681913044303656,1399.0,307.0,596992.0,1302.0,0.9973183274269104,0.8200469017028809,0.5179563164710999,0.992123544216156,0.759242594242096,0.006991188507527113,520.0,129.0,198925.0,426.0,0.9972249865531921,0.801232635974884,0.5496828556060791,0.9909098148345947,0.7565624117851257
30,"[16, 32, 16]",128,1e-05,30,False,False,False,30,0.0100403418764472,927.0,252.0,597047.0,1774.0,0.9966233372688293,0.7862595319747925,0.3432062268257141,0.9822296500205994,0.6195372939109802,0.010517165064811707,335.0,98.0,198956.0,611.0,0.9964550137519836,0.7736720442771912,0.3541226089000702,0.982224702835083,0.6174069046974182
31,"[16, 32, 16]",128,1e-05,50,False,False,False,50,0.009234116412699223,1157.0,391.0,596908.0,1544.0,0.9967749714851379,0.7474160194396973,0.42835986614227295,0.9812904000282288,0.6359205842018127,0.0096999891102314,393.0,141.0,198913.0,553.0,0.9965299963951111,0.7359550595283508,0.415433406829834,0.980520486831665,0.6440397500991821
32,"[16, 32, 16]",128,1e-05,100,False,False,False,100,0.00820079818367958,1214.0,317.0,596982.0,1487.0,0.996993362903595,0.7929458022117615,0.4494631588459015,0.986496090888977,0.6835590600967407,0.008732365444302559,443.0,137.0,198917.0,503.0,0.9968000054359436,0.7637931108474731,0.46828752756118774,0.9827561974525452,0.6819809079170227
33,"[16, 32, 16]",128,1e-07,30,False,False,False,11,1.136633276939392,2701.0,596286.0,1013.0,0.0,0.0061900001019239426,0.00450927997007966,1.0,0.4730755388736725,0.003924235701560974,1.1362947225570679,946.0,198737.0,317.0,0.0,0.0063149998895823956,0.004737508948892355,1.0,0.47437942028045654,0.0041344258934259415
34,"[16, 32, 16]",128,1e-07,50,False,False,False,11,0.8219439387321472,2637.0,585383.0,11916.0,64.0,0.024255000054836273,0.0044845412485301495,0.9763050675392151,0.4095155596733093,0.00348049309104681,0.8218553066253662,925.0,195074.0,3980.0,21.0,0.024524999782443047,0.004719411954283714,0.9778012633323669,0.4138285219669342,0.003684251569211483
35,"[16, 32, 16]",128,1e-07,100,False,False,False,11,0.9016100764274597,2690.0,587841.0,9458.0,11.0,0.02024666592478752,0.004555222112685442,0.9959274530410767,0.39689767360687256,0.003389943391084671,0.9013350009918213,940.0,195930.0,3124.0,6.0,0.020320000126957893,0.0047747245989739895,0.9936575293540955,0.41388291120529175,0.003645776305347681
36,"[16, 32, 16]",512,0.001,30,False,False,False,30,0.006848114542663097,1561.0,462.0,596837.0,1140.0,0.9973300099372864,0.7716262936592102,0.5779340863227844,0.9910500645637512,0.741162896156311,0.007218369282782078,576.0,174.0,198880.0,370.0,0.9972800016403198,0.7680000066757202,0.6088795065879822,0.9892122745513916,0.7416236400604248
37,"[16, 32, 16]",512,0.001,50,False,False,False,21,0.007177945226430893,1378.0,347.0,596952.0,1323.0,0.9972166419029236,0.7988405823707581,0.5101814270019531,0.9912639856338501,0.7303449511528015,0.007582991383969784,513.0,140.0,198914.0,433.0,0.9971349835395813,0.7856048941612244,0.542283296585083,0.9879950881004333,0.7244375348091125
38,"[16, 32, 16]",512,0.001,100,False,False,False,58,0.006644572131335735,1443.0,326.0,596973.0,1258.0,0.9973599910736084,0.8157150745391846,0.534246563911438,0.9919331073760986,0.7591910362243652,0.007054522633552551,548.0,151.0,198903.0,398.0,0.9972550272941589,0.7839770913124084,0.579281210899353,0.9898039102554321,0.752263069152832
39,"[16, 32, 16]",512,1e-05,30,False,False,False,30,0.014516456983983517,0.0,0.0,597299.0,2701.0,0.9954983592033386,0.0,0.0,0.9751425385475159,0.4620967507362366,0.015080400742590427,0.0,0.0,199054.0,946.0,0.9952700138092041,0.0,0.0,0.9757075905799866,0.47663599252700806
40,"[16, 32, 16]",512,1e-05,50,False,False,False,11,1.1124323606491089,2701.0,548780.0,48519.0,0.0,0.08536666631698608,0.004897720646113157,1.0,0.39271533489227295,0.003521859413012862,1.1123234033584595,946.0,182867.0,16187.0,0.0,0.08566500246524811,0.005146534647792578,1.0,0.3932715952396393,0.003704527858644724
41,"[16, 32, 16]",512,1e-05,100,False,False,False,11,0.608505368232727,0.0,33574.0,563725.0,2701.0,0.9395416378974915,0.0,0.0,0.24149896204471588,0.002714897505939007,0.6086299419403076,0.0,11206.0,187848.0,946.0,0.9392399787902832,0.0,0.0,0.23096081614494324,0.0028252380434423685
42,"[16, 32, 16]",512,1e-07,30,False,False,False,11,0.5078026056289673,0.0,13956.0,583343.0,2701.0,0.9722383618354797,0.0,0.0,0.42026448249816895,0.003525432897731662,0.508037805557251,0.0,4714.0,194340.0,946.0,0.9717000126838684,0.0,0.0,0.4281236529350281,0.0037587464321404696
43,"[16, 32, 16]",512,1e-07,50,False,False,False,50,1.158992052078247,2698.0,569529.0,27770.0,3.0,0.05077999830245972,0.00471491226926446,0.9988893270492554,0.3285425305366516,0.0031963950023055077,1.1589784622192383,945.0,189834.0,9220.0,1.0,0.05082499980926514,0.004953375551849604,0.9989429116249084,0.3210257887840271,0.0033293506130576134
44,"[16, 32, 16]",512,1e-07,100,False,False,False,22,0.6684447526931763,2699.0,200702.0,396597.0,2.0,0.6654933094978333,0.013269354589283466,0.9992595314979553,0.9684038162231445,0.08746470510959625,0.6682507991790771,946.0,66832.0,132222.0,0.0,0.6658400297164917,0.013957330957055092,1.0,0.9658865928649902,0.08623959124088287
45,"[16, 32, 16]",2048,0.001,30,False,False,False,30,0.006924610119313002,1586.0,453.0,596846.0,1115.0,0.9973866939544678,0.7778322696685791,0.5871899127960205,0.9907801747322083,0.7467158436775208,0.007333930116146803,589.0,180.0,198874.0,357.0,0.997314989566803,0.7659297585487366,0.6226215362548828,0.9880656003952026,0.7390090823173523
46,"[16, 32, 16]",2048,0.001,50,False,False,False,45,0.007021850440651178,1844.0,757.0,596542.0,857.0,0.9973099827766418,0.708958089351654,0.6827101111412048,0.992266058921814,0.7471818923950195,0.007502904627472162,659.0,294.0,198760.0,287.0,0.997094988822937,0.6915005445480347,0.6966173648834229,0.9922565817832947,0.7446105480194092
47,"[16, 32, 16]",2048,0.001,100,False,False,False,72,0.006742384750396013,1786.0,604.0,596695.0,915.0,0.9974683523178101,0.7472803592681885,0.661236584186554,0.9934946298599243,0.7547837495803833,0.007161823567003012,658.0,253.0,198801.0,288.0,0.9972950220108032,0.7222831845283508,0.6955602765083313,0.9918997287750244,0.75434410572052
48,"[16, 32, 16]",2048,1e-05,30,False,False,False,11,0.40777188539505005,1.0,819.0,596480.0,2700.0,0.9941350221633911,0.0012195121962577105,0.00037023326149210334,0.14647357165813446,0.002534387167543173,0.40789100527763367,0.0,261.0,198793.0,946.0,0.9939650297164917,0.0,0.0,0.14804129302501678,0.002662970218807459
49,"[16, 32, 16]",2048,1e-05,50,False,False,False,14,0.4185561239719391,0.0,33.0,597266.0,2701.0,0.9954433441162109,0.0,0.0,0.30791372060775757,0.0031336951069533825,0.4187040627002716,0.0,15.0,199039.0,946.0,0.9951949715614319,0.0,0.0,0.3030717670917511,0.003278817981481552
50,"[16, 32, 16]",2048,1e-05,100,False,False,False,12,0.3078816831111908,1.0,0.0,597299.0,2700.0,0.9955000281333923,1.0,0.00037023326149210334,0.9475678205490112,0.04928937554359436,0.3081134855747223,0.0,0.0,199054.0,946.0,0.9952700138092041,0.0,0.0,0.9430585503578186,0.04726416617631912
51,"[16, 32, 16]",2048,1e-07,30,False,False,False,12,0.1890569031238556,0.0,168.0,597131.0,2701.0,0.9952183365821838,0.0,0.0,0.7744636535644531,0.01004108414053917,0.18939732015132904,0.0,49.0,199005.0,946.0,0.9950249791145325,0.0,0.0,0.780423104763031,0.010833313688635826
52,"[16, 32, 16]",2048,1e-07,50,False,False,False,48,1.1827867031097412,2701.0,597299.0,0.0,0.0,0.004501666873693466,0.004501666873693466,1.0,0.9648081660270691,0.0868896096944809,1.1824345588684082,946.0,199053.0,1.0,0.0,0.004734999965876341,0.004730023443698883,1.0,0.9644712209701538,0.09070044755935669
53,"[16, 32, 16]",2048,1e-07,100,False,False,False,100,0.5050530433654785,36.0,2486.0,594813.0,2665.0,0.9914150238037109,0.014274385757744312,0.01332839671522379,0.24305331707000732,0.0037144881207495928,0.5052680373191833,13.0,867.0,198187.0,933.0,0.9909999966621399,0.014772727154195309,0.013742071576416492,0.23708012700080872,0.004314740654081106
54,"[16, 32, 64, 32, 16]",128,0.001,30,False,False,False,18,0.007020691875368357,1440.0,406.0,596893.0,1261.0,0.9972216486930847,0.7800650000572205,0.5331358909606934,0.9915377497673035,0.7326764464378357,0.0073424712754786015,536.0,165.0,198889.0,410.0,0.9971250295639038,0.7646219730377197,0.5665962100028992,0.9907309412956238,0.7333729863166809
55,"[16, 32, 64, 32, 16]",128,0.001,50,False,False,False,30,0.006955715361982584,1467.0,356.0,596943.0,1234.0,0.9973499774932861,0.804717481136322,0.5431321859359741,0.9920660853385925,0.7448293566703796,0.007425385061651468,541.0,161.0,198893.0,405.0,0.9971699714660645,0.7706552743911743,0.5718815922737122,0.9890653491020203,0.7421243190765381
56,"[16, 32, 64, 32, 16]",128,0.001,100,False,False,False,73,0.006791390012949705,1455.0,372.0,596927.0,1246.0,0.997303307056427,0.7963874936103821,0.538689374923706,0.9883269667625427,0.7480840682983398,0.007055974565446377,538.0,157.0,198897.0,408.0,0.9971749782562256,0.7741007208824158,0.5687103867530823,0.9873340129852295,0.7441176772117615
57,"[16, 32, 64, 32, 16]",128,1e-05,30,False,False,False,30,0.008750379085540771,1037.0,317.0,596982.0,1664.0,0.9966983199119568,0.7658788561820984,0.38393187522888184,0.9842302203178406,0.6432652473449707,0.009267029352486134,356.0,111.0,198943.0,590.0,0.9964950084686279,0.762312650680542,0.37632134556770325,0.9828739166259766,0.6435954570770264
58,"[16, 32, 64, 32, 16]",128,1e-05,50,False,False,False,50,0.007529669441282749,1411.0,383.0,596916.0,1290.0,0.9972116947174072,0.7865105867385864,0.5223991274833679,0.9891208410263062,0.7111020088195801,0.007949025370180607,508.0,147.0,198907.0,438.0,0.9970750212669373,0.7755725383758545,0.53699791431427,0.9856002330780029,0.7036005854606628
59,"[16, 32, 64, 32, 16]",128,1e-05,100,False,False,False,100,0.007092058192938566,1539.0,468.0,596831.0,1162.0,0.9972833395004272,0.7668161392211914,0.5697889924049377,0.9894677400588989,0.7301726341247559,0.007411935832351446,573.0,181.0,198873.0,373.0,0.9972299933433533,0.7599469423294067,0.6057082414627075,0.9906796216964722,0.7375597357749939
60,"[16, 32, 64, 32, 16]",128,1e-07,30,False,False,False,14,0.4599561393260956,0.0,0.0,597299.0,2701.0,0.9954983592033386,0.0,0.0,0.4167042672634125,0.003602132201194763,0.46015727519989014,0.0,0.0,199054.0,946.0,0.9952700138092041,0.0,0.0,0.41824376583099365,0.003800314152613282
61,"[16, 32, 64, 32, 16]",128,1e-07,50,False,False,False,24,0.4139224588871002,0.0,94.0,597205.0,2701.0,0.9953416585922241,0.0,0.0,0.8282654881477356,0.012367788702249527,0.4140961468219757,0.0,35.0,199019.0,946.0,0.9950950145721436,0.0,0.0,0.8222945332527161,0.012626933865249157
62,"[16, 32, 64, 32, 16]",128,1e-07,100,False,False,False,23,0.11970552057027817,0.0,0.0,597299.0,2701.0,0.9954983592033386,0.0,0.0,0.30277782678604126,0.0029495167545974255,0.12024623900651932,0.0,0.0,199054.0,946.0,0.9952700138092041,0.0,0.0,0.29811760783195496,0.0030895890668034554
63,"[16, 32, 64, 32, 16]",512,0.001,30,False,False,False,30,0.007129712495952845,1704.0,660.0,596639.0,997.0,0.9972383379936218,0.720812201499939,0.6308774352073669,0.9963931441307068,0.7358490824699402,0.00748215988278389,624.0,267.0,198787.0,322.0,0.9970549941062927,0.7003366947174072,0.6596194505691528,0.995916485786438,0.7385198473930359
64,"[16, 32, 64, 32, 16]",512,0.001,50,False,False,False,24,0.007150838151574135,1271.0,261.0,597038.0,1430.0,0.9971816539764404,0.8296344876289368,0.47056645154953003,0.9902824759483337,0.7397604584693909,0.00747448718175292,485.0,113.0,198941.0,461.0,0.9971299767494202,0.8110367655754089,0.5126850008964539,0.9870657920837402,0.7392603754997253
65,"[16, 32, 64, 32, 16]",512,0.001,100,False,False,False,44,0.006762976758182049,1682.0,503.0,596796.0,1019.0,0.9974633455276489,0.7697940468788147,0.6227323412895203,0.9944338798522949,0.7597953081130981,0.007215417455881834,611.0,221.0,198833.0,335.0,0.997219979763031,0.734375,0.6458773612976074,0.9913700819015503,0.7606110572814941
66,"[16, 32, 64, 32, 16]",512,1e-05,30,False,False,False,30,0.008644413203001022,1147.0,330.0,596969.0,1554.0,0.9968600273132324,0.7765741348266602,0.42465752363204956,0.9889200925827026,0.6627521514892578,0.009211374446749687,418.0,134.0,198920.0,528.0,0.9966899752616882,0.7572463750839233,0.44186046719551086,0.9868071675300598,0.6589081287384033
67,"[16, 32, 64, 32, 16]",512,1e-05,50,False,False,False,50,0.00835428573191166,1340.0,397.0,596902.0,1361.0,0.9970700144767761,0.7714450359344482,0.49611255526542664,0.9873544573783875,0.6717846393585205,0.008923732675611973,482.0,162.0,198892.0,464.0,0.9968699812889099,0.7484471797943115,0.5095137357711792,0.9848572015762329,0.6621586680412292
68,"[16, 32, 64, 32, 16]",512,1e-05,100,False,False,False,100,0.008662712760269642,1412.0,423.0,596876.0,1289.0,0.9971466660499573,0.7694823145866394,0.5227693319320679,0.979417622089386,0.6692200899124146,0.009133024141192436,511.0,158.0,198896.0,435.0,0.997035026550293,0.7638266086578369,0.5401691198348999,0.9791957139968872,0.6702542304992676
69,"[16, 32, 64, 32, 16]",512,1e-07,30,False,False,False,14,0.19251610338687897,0.0,0.0,597299.0,2701.0,0.9954983592033386,0.0,0.0,0.2663526237010956,0.0029483549296855927,0.19289074838161469,0.0,0.0,199054.0,946.0,0.9952700138092041,0.0,0.0,0.26855918765068054,0.0030992291867733
70,"[16, 32, 64, 32, 16]",512,1e-07,50,False,False,False,12,0.2039327323436737,0.0,0.0,597299.0,2701.0,0.9954983592033386,0.0,0.0,0.27081674337387085,0.0028491555713117123,0.20428378880023956,0.0,0.0,199054.0,946.0,0.9952700138092041,0.0,0.0,0.2706619203090668,0.0029936018399894238
71,"[16, 32, 64, 32, 16]",512,1e-07,100,False,False,False,14,0.3552755117416382,0.0,0.0,597299.0,2701.0,0.9954983592033386,0.0,0.0,0.2706824243068695,0.0028787562623620033,0.3554532825946808,0.0,0.0,199054.0,946.0,0.9952700138092041,0.0,0.0,0.2807510495185852,0.0030560512095689774
72,"[16, 32, 64, 32, 16]",2048,0.001,30,False,False,False,30,0.007337665185332298,1090.0,194.0,597105.0,1611.0,0.9969916939735413,0.8489096760749817,0.403554230928421,0.9898465871810913,0.7448247671127319,0.007559687364846468,428.0,81.0,198973.0,518.0,0.9970049858093262,0.8408644199371338,0.4524312913417816,0.9871998429298401,0.7400239706039429
73,"[16, 32, 64, 32, 16]",2048,0.001,50,False,False,False,42,0.007388063240796328,2013.0,1013.0,596286.0,688.0,0.9971650242805481,0.6652346253395081,0.7452795505523682,0.9932542443275452,0.7535253763198853,0.007917082868516445,725.0,381.0,198673.0,221.0,0.9969900250434875,0.6555153727531433,0.7663847804069519,0.9917874336242676,0.7495466470718384
74,"[16, 32, 64, 32, 16]",2048,0.001,100,False,False,False,45,0.007065182086080313,1302.0,253.0,597046.0,1399.0,0.9972466826438904,0.8372990489006042,0.48204368352890015,0.9911438226699829,0.7539605498313904,0.007340618874877691,490.0,112.0,198942.0,456.0,0.997160017490387,0.8139534592628479,0.5179703831672668,0.9882397055625916,0.7462786436080933
75,"[16, 32, 64, 32, 16]",2048,1e-05,30,False,False,False,16,0.4925997853279114,0.0,103714.0,493585.0,2701.0,0.8226416707038879,0.0,0.0,0.46641620993614197,0.003961391281336546,0.492247998714447,0.0,34361.0,164693.0,946.0,0.8234649896621704,0.0,0.0,0.47377628087997437,0.004210628569126129
76,"[16, 32, 64, 32, 16]",2048,1e-05,50,False,False,False,16,1.1254820823669434,2685.0,568527.0,28772.0,16.0,0.05242833495140076,0.004700531717389822,0.9940762519836426,0.25954684615135193,0.0029160454869270325,1.1253437995910645,940.0,189408.0,9646.0,6.0,0.05293000116944313,0.004938323516398668,0.9936575293540955,0.2669883072376251,0.0030864861328154802
77,"[16, 32, 64, 32, 16]",2048,1e-05,100,False,False,False,11,0.34477540850639343,0.0,0.0,597299.0,2701.0,0.9954983592033386,0.0,0.0,0.9243077039718628,0.028955042362213135,0.3449987769126892,0.0,0.0,199054.0,946.0,0.9952700138092041,0.0,0.0,0.9184068441390991,0.028649605810642242
78,"[16, 32, 64, 32, 16]",2048,1e-07,30,False,False,False,30,0.31817910075187683,0.0,11.0,597288.0,2701.0,0.9954800009727478,0.0,0.0,0.9290110468864441,0.030114104971289635,0.3184022307395935,0.0,4.0,199050.0,946.0,0.9952499866485596,0.0,0.0,0.9277307987213135,0.03125118464231491
79,"[16, 32, 64, 32, 16]",2048,1e-07,50,False,False,False,14,1.8673083782196045,2701.0,597299.0,0.0,0.0,0.004501666873693466,0.004501666873693466,1.0,0.650867223739624,0.005925765726715326,1.8668853044509888,946.0,199054.0,0.0,0.0,0.004730000160634518,0.004730000160634518,1.0,0.6542233228683472,0.006276650354266167
80,"[16, 32, 64, 32, 16]",2048,1e-07,100,False,False,False,11,0.19256384670734406,0.0,0.0,597299.0,2701.0,0.9954983592033386,0.0,0.0,0.11248379945755005,0.002440597163513303,0.19291886687278748,0.0,0.0,199054.0,946.0,0.9952700138092041,0.0,0.0,0.11362701654434204,0.0025682905688881874
81,"[16, 32, 64, 128, 64, 32, 16]",128,0.001,30,False,False,False,30,0.006775612477213144,1463.0,399.0,596900.0,1238.0,0.9972716569900513,0.7857142686843872,0.5416512489318848,0.992013692855835,0.7407900094985962,0.007172882091253996,532.0,157.0,198897.0,414.0,0.9971449971199036,0.7721335291862488,0.562367856502533,0.9907825589179993,0.7343034744262695
82,"[16, 32, 64, 128, 64, 32, 16]",128,0.001,50,False,False,False,33,0.0067399344407022,1369.0,288.0,597011.0,1332.0,0.9973000288009644,0.8261919021606445,0.5068492889404297,0.9931714534759521,0.7515730261802673,0.007054368499666452,508.0,127.0,198927.0,438.0,0.9971749782562256,0.800000011920929,0.53699791431427,0.992437481880188,0.7490861415863037
83,"[16, 32, 64, 128, 64, 32, 16]",128,0.001,100,False,False,False,31,0.006990343332290649,1205.0,229.0,597070.0,1496.0,0.9971250295639038,0.84030681848526,0.44613105058670044,0.9934310913085938,0.7444437742233276,0.00728230457752943,464.0,100.0,198954.0,482.0,0.9970899820327759,0.8226950168609619,0.4904862642288208,0.9923303723335266,0.7413389682769775
84,"[16, 32, 64, 128, 64, 32, 16]",128,1e-05,30,False,False,False,30,0.0069799586199223995,1489.0,390.0,596909.0,1212.0,0.9973300099372864,0.792442798614502,0.5512772798538208,0.9911792278289795,0.7367232441902161,0.007441780995577574,541.0,164.0,198890.0,405.0,0.9971550107002258,0.7673758864402771,0.5718815922737122,0.9865249991416931,0.7228305339813232
85,"[16, 32, 64, 128, 64, 32, 16]",128,1e-05,50,False,False,False,50,0.006885694805532694,1647.0,475.0,596824.0,1054.0,0.997451663017273,0.7761545777320862,0.6097741723060608,0.9899568557739258,0.7381359338760376,0.007271963637322187,597.0,201.0,198853.0,349.0,0.9972500205039978,0.7481203079223633,0.6310782432556152,0.986090898513794,0.7344485521316528
86,"[16, 32, 64, 128, 64, 32, 16]",128,1e-05,100,False,False,False,100,0.006620198488235474,1695.0,521.0,596778.0,1006.0,0.9974550008773804,0.7648916840553284,0.6275453567504883,0.990965723991394,0.7559714913368225,0.007104887161403894,624.0,218.0,198836.0,322.0,0.9973000288009644,0.7410926222801208,0.6596194505691528,0.9903532266616821,0.7449217438697815
87,"[16, 32, 64, 128, 64, 32, 16]",128,1e-07,30,False,False,False,16,0.7927916646003723,9.0,461168.0,136131.0,2692.0,0.22689999639987946,1.951528429344762e-05,0.0033320991788059473,0.07284720242023468,0.0023820651695132256,0.7926018834114075,11.0,153513.0,45541.0,935.0,0.22776000201702118,7.165003626141697e-05,0.011627906933426857,0.07479277998209,0.002506190910935402
88,"[16, 32, 64, 128, 64, 32, 16]",128,1e-07,50,False,False,False,11,1.2293962240219116,2701.0,596805.0,494.0,0.0,0.005324999801814556,0.004505375865846872,1.0,0.9016047716140747,0.05118460953235626,1.2292306423187256,946.0,198871.0,183.0,0.0,0.005644999910145998,0.004734331741929054,1.0,0.9047767519950867,0.05474765971302986
89,"[16, 32, 64, 128, 64, 32, 16]",128,1e-07,100,False,False,False,11,1.6355035305023193,2701.0,597299.0,0.0,0.0,0.004501666873693466,0.004501666873693466,1.0,0.2939089834690094,0.002907293848693371,1.6351507902145386,946.0,199054.0,0.0,0.0,0.004730000160634518,0.004730000160634518,1.0,0.2934321165084839,0.003052548272535205
90,"[16, 32, 64, 128, 64, 32, 16]",512,0.001,30,False,False,False,30,0.0069583323784172535,1702.0,656.0,596643.0,999.0,0.9972416758537292,0.7217981219291687,0.6301369667053223,0.9941142797470093,0.7283259034156799,0.007484761532396078,621.0,269.0,198785.0,325.0,0.9970300197601318,0.697752833366394,0.6564481854438782,0.9912034869194031,0.7232699394226074
91,"[16, 32, 64, 128, 64, 32, 16]",512,0.001,50,False,False,False,50,0.006865726783871651,1488.0,345.0,596954.0,1213.0,0.9974033236503601,0.8117839694023132,0.5509070754051208,0.997646689414978,0.7603064179420471,0.007315085269510746,544.0,149.0,198905.0,402.0,0.9972450137138367,0.7849928140640259,0.5750528573989868,0.9948517084121704,0.7524100542068481
92,"[16, 32, 64, 128, 64, 32, 16]",512,0.001,100,False,False,False,20,0.006992005277425051,1501.0,452.0,596847.0,1200.0,0.9972466826438904,0.7685611844062805,0.5557200908660889,0.9920629858970642,0.7353569269180298,0.007469731383025646,550.0,189.0,198865.0,396.0,0.9970750212669373,0.7442489862442017,0.5813953280448914,0.9916446805000305,0.7271028757095337
93,"[16, 32, 64, 128, 64, 32, 16]",512,1e-05,30,False,False,False,30,0.00828535482287407,1270.0,395.0,596904.0,1431.0,0.9969566464424133,0.7627627849578857,0.4701962172985077,0.98675137758255,0.6710666418075562,0.00880599208176136,470.0,160.0,198894.0,476.0,0.9968199729919434,0.7460317611694336,0.49682876467704773,0.9831680655479431,0.6709882020950317
94,"[16, 32, 64, 128, 64, 32, 16]",512,1e-05,50,False,False,False,27,0.010352842509746552,0.0,0.0,597299.0,2701.0,0.9954983592033386,0.0,0.0,0.9854393601417542,0.6736445426940918,0.010990974493324757,0.0,0.0,199054.0,946.0,0.9952700138092041,0.0,0.0,0.9814372658729553,0.6649820804595947
95,"[16, 32, 64, 128, 64, 32, 16]",512,1e-05,100,False,False,False,87,0.007311965338885784,1685.0,641.0,596658.0,1016.0,0.9972383379936218,0.7244195938110352,0.6238430142402649,0.9898369312286377,0.723547101020813,0.007821758277714252,598.0,252.0,198802.0,348.0,0.996999979019165,0.703529417514801,0.6321353316307068,0.987826406955719,0.7174339890480042
96,"[16, 32, 64, 128, 64, 32, 16]",512,1e-07,30,False,False,False,30,0.17726244032382965,0.0,0.0,597299.0,2701.0,0.9954983592033386,0.0,0.0,0.13418136537075043,0.002538388129323721,0.17772261798381805,0.0,0.0,199054.0,946.0,0.9952700138092041,0.0,0.0,0.13246724009513855,0.002664512023329735
97,"[16, 32, 64, 128, 64, 32, 16]",512,1e-07,50,False,False,False,13,0.9559383392333984,2701.0,597299.0,0.0,0.0,0.004501666873693466,0.004501666873693466,1.0,0.7507271766662598,0.010389058850705624,0.955801248550415,946.0,199054.0,0.0,0.0,0.004730000160634518,0.004730000160634518,1.0,0.7497901916503906,0.010894051752984524
98,"[16, 32, 64, 128, 64, 32, 16]",512,1e-07,100,False,False,False,21,0.19977745413780212,0.0,0.0,597299.0,2701.0,0.9954983592033386,0.0,0.0,0.4516174793243408,0.015158509835600853,0.20014037191867828,0.0,0.0,199054.0,946.0,0.9952700138092041,0.0,0.0,0.44336873292922974,0.01296871155500412
99,"[16, 32, 64, 128, 64, 32, 16]",2048,0.001,30,False,False,False,18,0.007647571619600058,980.0,151.0,597148.0,1721.0,0.9968799948692322,0.866489827632904,0.3628285825252533,0.9910516142845154,0.7412726283073425,0.007850082591176033,368.0,66.0,198988.0,578.0,0.9967799782752991,0.8479262590408325,0.3890063464641571,0.9897797107696533,0.7398363351821899
100,"[16, 32, 64, 128, 64, 32, 16]",2048,0.001,50,False,False,False,47,0.006565837189555168,1584.0,414.0,596885.0,1117.0,0.9974483251571655,0.792792797088623,0.5864494442939758,0.9925178289413452,0.7596040964126587,0.006950865499675274,587.0,187.0,198867.0,359.0,0.9972699880599976,0.7583979368209839,0.6205074191093445,0.9909457564353943,0.7517272233963013
101,"[16, 32, 64, 128, 64, 32, 16]",2048,0.001,100,False,False,False,39,0.007287028711289167,1837.0,718.0,596581.0,864.0,0.9973633289337158,0.7189823985099792,0.6801185011863708,0.9954016804695129,0.7482007145881653,0.007680710405111313,662.0,287.0,198767.0,284.0,0.9971449971199036,0.6975764036178589,0.6997885704040527,0.9954282641410828,0.7447417974472046
102,"[16, 32, 64, 128, 64, 32, 16]",2048,1e-05,30,False,False,False,11,1.1368978023529053,2701.0,589847.0,7452.0,0.0,0.016921667382121086,0.004558280576020479,1.0,0.4964861571788788,0.004042979329824448,1.1367501020431519,946.0,196476.0,2578.0,0.0,0.01761999912559986,0.0047917659394443035,1.0,0.4913172721862793,0.0042182994075119495
103,"[16, 32, 64, 128, 64, 32, 16]",2048,1e-05,50,False,False,False,11,0.3341926336288452,0.0,0.0,597299.0,2701.0,0.9954983592033386,0.0,0.0,0.4453004002571106,0.003637806512415409,0.33440878987312317,0.0,0.0,199054.0,946.0,0.9952700138092041,0.0,0.0,0.449297696352005,0.0038517960347235203
104,"[16, 32, 64, 128, 64, 32, 16]",2048,1e-05,100,False,False,False,100,0.007098098751157522,1473.0,377.0,596922.0,1228.0,0.9973250031471252,0.7962161898612976,0.5453535914421082,0.9893143773078918,0.7362550497055054,0.007608354557305574,528.0,151.0,198903.0,418.0,0.9971550107002258,0.7776141166687012,0.5581395626068115,0.9864487648010254,0.7229751348495483
105,"[16, 32, 64, 128, 64, 32, 16]",2048,1e-07,30,False,False,False,20,0.6960402131080627,721.0,300316.0,296983.0,1980.0,0.49617332220077515,0.0023950543254613876,0.266938179731369,0.47135549783706665,0.0038218023255467415,0.6960374116897583,226.0,100341.0,98713.0,720.0,0.4946950078010559,0.0022472580894827843,0.23890063166618347,0.4642287492752075,0.00396653963252902
106,"[16, 32, 64, 128, 64, 32, 16]",2048,1e-07,50,False,False,False,19,0.36921632289886475,0.0,888.0,596411.0,2701.0,0.9940183162689209,0.0,0.0,0.8389814496040344,0.012691319920122623,0.36940303444862366,0.0,293.0,198761.0,946.0,0.9938049912452698,0.0,0.0,0.836388349533081,0.013170633465051651
107,"[16, 32, 64, 128, 64, 32, 16]",2048,1e-07,100,False,False,False,18,0.8515833616256714,2701.0,597000.0,299.0,0.0,0.004999999888241291,0.004503910895437002,1.0,0.6190820932388306,0.005407760385423899,0.8515233397483826,946.0,198954.0,100.0,0.0,0.005229999776929617,0.004732366185635328,1.0,0.6257708072662354,0.006531162187457085
